,doctor,patient,examitem,created
E-0,Dr. med. vet. Baader,Herr Bach,"US Untersuchung am linken Lungenfl端gel
Gutartiger Tumor","Tue, 09-Mar-2021 (18:33:35)"
E-1,Dr. med. vet. Baader,Herr Bach,"US Untersuchung am linken Lungenfl端gel
Gutartiger Tumor","Wed, 10-Mar-2021 (10:08:19)"
E-2,Dr. med. vet. Baader,Herr Bach,"US Untersuchung am linken Lungenfl端gel
Gutartiger Tumor","Wed, 10-Mar-2021 (10:21:52)"
E-3,Dr. med. vet. Baader,Herr Bach,"US Untersuchung am linken Lungenfl端gel
Gutartiger Tumor","Wed, 10-Mar-2021 (10:28:15)"
tempE-0527945d-b572-444f-a177-2ce7ab386fab,Dr. med. vet. Baader,Mr. Bach,"Ultrasound examination of the left lung
Benign tumor","Mon, 20-Nov-2023 (12:57:31)"
